zoom-out	e600
zoom-in	e601
youtube	e602
wrench-alt	e603
wrench	e604
wordpress	e605
wheelchair	e606
website-alt	e607
website	e608
warning-sign	e609
w3c	e60a
volume-up	e60b
volume-off	e60c
volume-down	e60d
vkontakte	e60e
vimeo	e60f
view-mode	e610
video-chat	e611
video-alt	e612
video	e613
viadeo	e614
user	e615
usd	e616
upload	e617
unlock-alt	e618
unlock	e619
universal-access	e61a
twitter	e61b
tumblr	e61c
trash-alt	e61d
trash	e61e
torso	e61f
tint	e620
time-alt	e621
time	e622
thumbs-up	e623
thumbs-down	e624
th-list	e625
th-large	e626
th	e627
text-width	e628
text-height	e629
tasks	e62a
tags	e62b
tag	e62c
stumbleupon	e62d
stop-alt	e62e
stop	e62f
step-forward	e630
step-backward	e631
star-empty	e632
star-alt	e633
star	e634
stackoverflow	e635
spotify	e636
speaker	e637
soundcloud	e638
smiley-alt	e639
smiley	e63a
slideshare	e63b
skype	e63c
signal	e63d
shopping-cart-sign	e63e
shopping-cart	e63f
share-alt	e640
share	e641
search-alt	e642
search	e643
screenshot	e644
screen-alt	e645
screen	e646
scissors	e647
rss	e648
road	e649
reverse-alt	e64a
retweet	e64b
return-key	e64c
resize-vertical	e64d
resize-small	e64e
resize-horizontal	e64f
resize-full	e650
repeat-alt	e651
repeat	e652
remove-sign	e653
remove-circle	e654
remove	e655
refresh	e656
reddit	e657
record	e658
random	e659
quotes-alt	e65a
quotes	e65b
question-sign	e65c
question	e65d
qrcode	e65e
puzzle	e65f
print	e660
podcast	e661
plus-sign	e662
plus	e663
play-circle	e664
play-alt	e665
play	e666
plane	e667
pinterest	e668
picture	e669
picasa	e66a
photo-alt	e66b
photo	e66c
phone-alt	e66d
phone	e66e
person	e66f
pencil-alt	e670
pencil	e671
pause-alt	e672
pause	e673
path	e674
paper-clip-alt	e675
paper-clip	e676
opensource	e677
ok-sign	e678
ok-circle	e679
ok	e67a
off	e67b
network	e67c
myspace	e67d
music	e67e
move	e67f
minus-sign	e680
minus	e681
mic-alt	e682
mic	e683
map-marker-alt	e684
map-marker	e685
male	e686
magnet	e687
magic	e688
lock-alt	e689
lock	e68a
livejournal	e68b
list-alt	e68c
list	e68d
linkedin	e68e
link	e68f
lines	e690
leaf	e691
lastfm	e692
laptop-alt	e693
laptop	e694
key	e695
italic	e696
iphone-home	e697
instagram	e698
info-sign	e699
indent-right	e69a
indent-left	e69b
inbox-box	e69c
inbox-alt	e69d
inbox	e69e
idea-alt	e69f
idea	e6a0
hourglass	e6a1
home-alt	e6a2
home	e6a3
heart-empty	e6a4
heart-alt	e6a5
heart	e6a6
hearing-impaired	e6a7
headphones	e6a8
hdd	e6a9
hand-up	e6aa
hand-right	e6ab
hand-left	e6ac
hand-down	e6ad
guidedog	e6ae
group-alt	e6af
group	e6b0
graph-alt	e6b1
graph	e6b2
googleplus	e6b3
globe-alt	e6b4
globe	e6b5
glasses	e6b6
glass	e6b7
github-text	e6b8
github	e6b9
gift	e6ba
gbp	e6bb
fullscreen	e6bc
friendfeed-rect	e6bd
friendfeed	e6be
foursquare	e6bf
forward-alt	e6c0
forward	e6c1
fork	e6c2
fontsize	e6c3
font	e6c4
folder-sign	e6c5
folder-open	e6c6
folder-close	e6c7
folder	e6c8
flickr	e6c9
flag-alt	e6ca
flag	e6cb
fire	e6cc
filter	e6cd
film	e6ce
file-new-alt	e6cf
file-new	e6d0
file-edit-alt	e6d1
file-edit	e6d2
file-alt	e6d3
file	e6d4
female	e6d5
fast-forward	e6d6
fast-backward	e6d7
facetime-video	e6d8
facebook	e6d9
eye-open	e6da
eye-close	e6db
exclamation-sign	e6dc
eur	e6dd
error-alt	e6de
error	e6df
envelope-alt	e6e0
envelope	e6e1
eject	e6e2
edit	e6e3
dribbble	e6e4
download-alt	e6e5
download	e6e6
digg	e6e7
deviantart	e6e8
delicious	e6e9
dashboard	e6ea
css	e6eb
credit-card	e6ec
compass-alt	e6ed
compass	e6ee
comment-alt	e6ef
comment	e6f0
cogs	e6f1
cog-alt	e6f2
cog	e6f3
cloud-alt	e6f4
cloud	e6f5
circle-arrow-up	e6f6
circle-arrow-right	e6f7
circle-arrow-left	e6f8
circle-arrow-down	e6f9
child	e6fa
chevron-up	e6fb
chevron-right	e6fc
chevron-left	e6fd
chevron-down	e6fe
check-empty	e6ff
check	e700
certificate	e701
cc	e702
caret-up	e703
caret-right	e704
caret-left	e705
caret-down	e706
car	e707
camera	e708
calendar-sign	e709
calendar	e70a
bullhorn	e70b
bulb	e70c
brush	e70d
broom	e70e
briefcase	e70f
braille	e710
bookmark-empty	e711
bookmark	e712
book	e713
bold	e714
blogger	e715
blind	e716
bell	e717
behance	e718
barcode	e719
ban-circle	e71a
backward	e71b
asl	e71c
arrow-up	e71d
arrow-right	e71e
arrow-left	e71f
arrow-down	e720
align-right	e721
align-left	e722
align-justify	e723
align-center	e724
adult	e725
adjust-alt	e726
adjust	e727
address-book-alt	e728
address-book	e729
asterisk	e72a
