home	e600
home2	e601
home3	e602
office	e603
newspaper	e604
pencil	e605
pencil2	e606
quill	e607
pen	e608
blog	e609
droplet	e60a
paint-format	e60b
image	e60c
image2	e60d
images	e60e
camera	e60f
music	e610
headphones	e611
play	e612
film	e613
camera2	e614
dice	e615
pacman	e616
spades	e617
clubs	e618
diamonds	e619
pawn	e61a
bullhorn	e61b
connection	e61c
podcast	e61d
feed	e61e
book	e61f
books	e620
library	e621
file	e622
profile	e623
file2	e624
file3	e625
file4	e626
copy	e627
copy2	e628
copy3	e629
paste	e62a
paste2	e62b
paste3	e62c
stack	e62d
folder	e62e
folder-open	e62f
tag	e630
tags	e631
barcode	e632
qrcode	e633
ticket	e634
cart	e635
cart2	e636
cart3	e637
coin	e638
credit	e639
calculate	e63a
support	e63b
phone	e63c
phone-hang-up	e63d
address-book	e63e
notebook	e63f
envelope	e640
pushpin	e641
location	e642
location2	e643
compass	e644
map	e645
map2	e646
history	e647
clock	e648
clock2	e649
alarm	e64a
alarm2	e64b
bell	e64c
stopwatch	e64d
calendar	e64e
calendar2	e64f
print	e650
keyboard	e651
screen	e652
laptop	e653
mobile	e654
mobile2	e655
tablet	e656
tv	e657
cabinet	e658
drawer	e659
drawer2	e65a
drawer3	e65b
box-add	e65c
box-remove	e65d
download	e65e
upload	e65f
disk	e660
storage	e661
undo	e662
redo	e663
flip	e664
flip2	e665
undo2	e666
redo2	e667
forward	e668
reply	e669
bubble	e66a
bubbles	e66b
bubbles2	e66c
bubble2	e66d
bubbles3	e66e
bubbles4	e66f
user	e670
users	e671
user2	e672
users2	e673
user3	e674
user4	e675
quotes-left	e676
busy	e677
spinner	e678
spinner2	e679
spinner3	e67a
spinner4	e67b
spinner5	e67c
spinner6	e67d
binoculars	e67e
search	e67f
zoomin	e680
zoomout	e681
expand	e682
contract	e683
expand2	e684
contract2	e685
key	e686
key2	e687
lock	e688
lock2	e689
unlocked	e68a
wrench	e68b
settings	e68c
equalizer	e68d
cog	e68e
cogs	e68f
cog2	e690
hammer	e691
wand	e692
aid	e693
bug	e694
pie	e695
stats	e696
bars	e697
bars2	e698
gift	e699
trophy	e69a
glass	e69b
mug	e69c
food	e69d
leaf	e69e
rocket	e69f
meter	e6a0
meter2	e6a1
dashboard	e6a2
hammer2	e6a3
fire	e6a4
lab	e6a5
magnet	e6a6
remove	e6a7
remove2	e6a8
briefcase	e6a9
airplane	e6aa
truck	e6ab
road	e6ac
accessibility	e6ad
target	e6ae
shield	e6af
lightning	e6b0
switch	e6b1
powercord	e6b2
signup	e6b3
list	e6b4
list2	e6b5
numbered-list	e6b6
menu	e6b7
menu2	e6b8
tree	e6b9
cloud	e6ba
cloud-download	e6bb
cloud-upload	e6bc
download2	e6bd
upload2	e6be
download3	e6bf
upload3	e6c0
globe	e6c1
earth	e6c2
link	e6c3
flag	e6c4
attachment	e6c5
eye	e6c6
eye-blocked	e6c7
eye2	e6c8
bookmark	e6c9
bookmarks	e6ca
brightness-medium	e6cb
brightness-contrast	e6cc
contrast	e6cd
star	e6ce
star2	e6cf
star3	e6d0
heart	e6d1
heart2	e6d2
heart-broken	e6d3
thumbs-up	e6d4
thumbs-up2	e6d5
happy	e6d6
happy2	e6d7
smiley	e6d8
smiley2	e6d9
tongue	e6da
tongue2	e6db
sad	e6dc
sad2	e6dd
wink	e6de
wink2	e6df
grin	e6e0
grin2	e6e1
cool	e6e2
cool2	e6e3
angry	e6e4
angry2	e6e5
evil	e6e6
evil2	e6e7
shocked	e6e8
shocked2	e6e9
confused	e6ea
confused2	e6eb
neutral	e6ec
neutral2	e6ed
wondering	e6ee
wondering2	e6ef
point-up	e6f0
point-right	e6f1
point-down	e6f2
point-left	e6f3
warning	e6f4
notification	e6f5
question	e6f6
info	e6f7
info2	e6f8
blocked	e6f9
cancel-circle	e6fa
checkmark-circle	e6fb
spam	e6fc
close	e6fd
checkmark	e6fe
checkmark2	e6ff
spell-check	e700
minus	e701
plus	e702
enter	e703
exit	e704
play2	e705
pause	e706
stop	e707
backward	e708
forward2	e709
play3	e70a
pause2	e70b
stop2	e70c
backward2	e70d
forward3	e70e
first	e70f
last	e710
previous	e711
next	e712
eject	e713
volume-high	e714
volume-medium	e715
volume-low	e716
volume-mute	e717
volume-mute2	e718
volume-increase	e719
volume-decrease	e71a
loop	e71b
loop2	e71c
loop3	e71d
shuffle	e71e
arrow-up-left	e71f
arrow-up	e720
arrow-up-right	e721
arrow-right	e722
arrow-down-right	e723
arrow-down	e724
arrow-down-left	e725
arrow-left	e726
arrow-up-left2	e727
arrow-up2	e728
arrow-up-right2	e729
arrow-right2	e72a
arrow-down-right2	e72b
arrow-down2	e72c
arrow-down-left2	e72d
arrow-left2	e72e
arrow-up-left3	e72f
arrow-up3	e730
arrow-up-right3	e731
arrow-right3	e732
arrow-down-right3	e733
arrow-down3	e734
arrow-down-left3	e735
arrow-left3	e736
tab	e737
checkbox-checked	e738
checkbox-unchecked	e739
checkbox-partial	e73a
radio-checked	e73b
radio-unchecked	e73c
crop	e73d
scissors	e73e
filter	e73f
filter2	e740
font	e741
text-height	e742
text-width	e743
bold	e744
underline	e745
italic	e746
strikethrough	e747
omega	e748
sigma	e749
table	e74a
table2	e74b
insert-template	e74c
pilcrow	e74d
lefttoright	e74e
righttoleft	e74f
paragraph-left	e750
paragraph-center	e751
paragraph-right	e752
paragraph-justify	e753
paragraph-left2	e754
paragraph-center2	e755
paragraph-right2	e756
paragraph-justify2	e757
indent-increase	e758
indent-decrease	e759
newtab	e75a
embed	e75b
code	e75c
console	e75d
share	e75e
mail	e75f
mail2	e760
mail3	e761
mail4	e762
google	e763
googleplus	e764
googleplus2	e765
googleplus3	e766
googleplus4	e767
google-drive	e768
facebook	e769
facebook2	e76a
facebook3	e76b
instagram	e76c
twitter	e76d
twitter2	e76e
twitter3	e76f
feed2	e770
feed3	e771
feed4	e772
youtube	e773
youtube2	e774
vimeo	e775
vimeo2	e776
vimeo3	e777
lanyrd	e778
flickr	e779
flickr2	e77a
flickr3	e77b
flickr4	e77c
picassa	e77d
picassa2	e77e
dribbble	e77f
dribbble2	e780
dribbble3	e781
forrst	e782
forrst2	e783
deviantart	e784
deviantart2	e785
steam	e786
steam2	e787
github	e788
github2	e789
github3	e78a
github4	e78b
github5	e78c
wordpress	e78d
wordpress2	e78e
joomla	e78f
blogger	e790
blogger2	e791
tumblr	e792
tumblr2	e793
yahoo	e794
tux	e795
apple	e796
finder	e797
android	e798
windows	e799
windows8	e79a
soundcloud	e79b
soundcloud2	e79c
skype	e79d
reddit	e79e
linkedin	e79f
lastfm	e7a0
lastfm2	e7a1
delicious	e7a2
stumbleupon	e7a3
stumbleupon2	e7a4
stackoverflow	e7a5
pinterest	e7a6
pinterest2	e7a7
xing	e7a8
xing2	e7a9
flattr	e7aa
foursquare	e7ab
foursquare2	e7ac
paypal	e7ad
paypal2	e7ae
paypal3	e7af
yelp	e7b0
libreoffice	e7b1
file-pdf	e7b2
file-openoffice	e7b3
file-word	e7b4
file-excel	e7b5
file-zip	e7b6
file-powerpoint	e7b7
file-xml	e7b8
file-css	e7b9
html5	e7ba
html52	e7bb
css3	e7bc
chrome	e7bd
firefox	e7be
IE	e7bf
opera	e7c0
safari	e7c1
IcoMoon	e7c2
